https://www.sentaifilmworks.com/products/816726020068-my-isekai-life-complete-collection-blu-ray,2023-06-27
https://www.sentaifilmworks.com/products/816726020075-kaiji-the-ultimate-survivor-season-1-complete-collection-blu-ray,2024-12-10
https://www.sentaifilmworks.com/products/816726020150-rent-a-girlfriend-season-1-premium-box-set-blu-ray,2022-08-30
https://www.sentaifilmworks.com/products/816726020167-shinepost-complete-collection-blu-ray,2023-08-08
https://www.sentaifilmworks.com/products/816726020174-my-teen-romantic-comedy-snafu-multi-season-collection-blu-ray,2025-02-11
https://www.sentaifilmworks.com/products/816726020266-reincarnated-as-a-sword-complete-collection-blu-ray,2023-08-22
https://www.sentaifilmworks.com/products/816726020273-chained-soldier-season-1-complete-collection-blu-ray,2025-02-04
https://www.sentaifilmworks.com/products/816726020358-btooom-complete-collection-blu-ray,2022-06-07
https://www.sentaifilmworks.com/products/816726020365-utano-princesama-maji-love-starish-tours-theatrical-movie,2023-09-19
https://www.sentaifilmworks.com/products/816726020372-the-world-is-still-beautiful-complete-collection-blu-ray,2025-03-04
https://www.sentaifilmworks.com/products/816726020457-iroduku-the-world-in-colors-complete-collection-blu-ray,2022-06-21
https://www.sentaifilmworks.com/products/816726020464-gatchaman-complete-collection-blu-ray,2023-09-26
https://www.sentaifilmworks.com/products/816726020471-legends-of-the-dark-king-a-fist-of-the-north-star-story-complete-collection-blu-ray,2025-04-15
https://www.sentaifilmworks.com/products/816726020556-ingress-the-animation-complete-collection-blu-ray,2022-03-29
https://www.sentaifilmworks.com/products/816726020563-urusei-yatsura-seasons-1-2-collection-blu-ray,2024-03-19
https://www.sentaifilmworks.com/products/816726020570-dream-eater-merry-complete-collection-blu-ray,2025-05-06
https://www.sentaifilmworks.com/products/816726020655-student-councils-discretion-season-1-complete-collection-blu-ray,2022-06-14
https://www.sentaifilmworks.com/products/816726020662-akiba-maid-war-complete-collection-blu-ray,2024-03-12
https://www.sentaifilmworks.com/products/816726020679-the-kawai-complex-guide-to-manors-and-hostel-behavior-complete-collection-blu-ray,2025-06-03
https://www.sentaifilmworks.com/products/816726020754-student-councils-discretion-season-2-complete-collection-blu-ray,2022-06-14
https://www.sentaifilmworks.com/products/816726020761-the-eminence-in-shadow-season-1-complete-collection-blu-ray,2023-10-10
https://www.sentaifilmworks.com/products/816726020778-the-perfect-insider-complete-collection-blu-ray,2025-07-08
https://www.sentaifilmworks.com/products/816726020853-stella-womens-academy-high-school-division-c3-season-1-complete-collection-blu-ray,2022-04-19
https://www.sentaifilmworks.com/products/816726020860-bibliophile-princess-complete-collection-blu-ray,2023-12-05
https://www.sentaifilmworks.com/products/816726020877-re-kan-complete-collection-blu-ray,2025-08-05
https://www.sentaifilmworks.com/products/816726020952-tsukipro-the-animation-season-1-complete-collection-blu-ray,2022-04-05
https://www.sentaifilmworks.com/products/816726020969-my-master-has-no-tail-complete-collection-blu-ray,2023-08-29
https://www.sentaifilmworks.com/products/816726020976-and-yet-the-town-moves-complete-collection-blu-ray,2025-09-09
https://www.sentaifilmworks.com/products/816726021065-blade-soul-complete-collection-blu-ray,2023-10-24
https://www.sentaifilmworks.com/products/816726021072-ninja-scroll-theatrical-blu-ray,2025-01-28
https://www.sentaifilmworks.com/products/816726021157-chihayafuru-season-3-premium-box-set-blu-ray,2023-11-21
https://www.sentaifilmworks.com/products/816726021164-ive-somehow-gotten-stronger-when-i-improved-my-farm-related-skills-complete-collection-blu-ray,2024-02-27
https://www.sentaifilmworks.com/products/816726021171-armed-girls-machiavellism-complete-collection-blu-ray,2025-04-22
https://www.sentaifilmworks.com/products/816726021263-love-flops-complete-collection-blu-ray,2024-01-16
https://www.sentaifilmworks.com/products/816726021270-insomnicas-after-school-complete-collection-blu-ray,2025-05-20
https://www.sentaifilmworks.com/products/816726021355-mushibugyo-tv-collection-blu-ray,2022-04-26
https://www.sentaifilmworks.com/products/816726021362-is-it-wrong-to-try-to-pick-up-girls-in-a-dungeon-iv-part-1-blu-ray,2023-11-21
https://www.sentaifilmworks.com/products/816726021379-the-eminence-in-shadow-season-1-premium-box-set-blu-ray,2025-09-23
https://www.sentaifilmworks.com/products/816726021461-lupin-zero-complete-collection-blu-ray,2023-09-26
https://www.sentaifilmworks.com/products/816726021478-urusei-yatsura-seasons-3-and-4-collection-blu-ray,2025-04-29
https://www.sentaifilmworks.com/products/816726021553-drifting-dragons-season-1-complete-collection-blu-ray,2022-04-12
https://www.sentaifilmworks.com/products/816726021560-rail-wars-complete-collection-blu-ray,2023-11-14
https://www.sentaifilmworks.com/products/816726021577-the-dangers-in-my-heart-season-1-limited-edition-steelbook-blu-ray,2025-05-27
https://www.sentaifilmworks.com/products/816726021676-call-of-the-night-season-1-premium-box-set-blu-ray,2025-07-01
https://www.sentaifilmworks.com/products/816726021775-food-wars-season-1-limited-edition-steelbook-blu-ray,2025-09-16
https://www.sentaifilmworks.com/products/816726021867-peter-grill-and-the-philosophers-time-super-extra-season-2-complete-collection-steelbook-blu-ray,2023-11-21
https://www.sentaifilmworks.com/products/816726021874-towanoquon-complete-collection-blu-ray,2025-06-17
https://www.sentaifilmworks.com/products/816726021959-place-to-place-complete-collection-blu-ray,2022-06-28
https://www.sentaifilmworks.com/products/816726021966-young-black-jack-complete-collection-blu-ray,2023-12-05
https://www.sentaifilmworks.com/products/816726021973-grimoire-of-zero-complete-collection-blu-ray,2025-09-23
https://www.sentaifilmworks.com/products/816726022055-obsolete-complete-collection-blu-ray,2022-05-03
https://www.sentaifilmworks.com/products/816726022062-immoral-guild-complete-collection-blu-ray,2023-10-03
https://www.sentaifilmworks.com/products/816726022079-sword-oratoria-complete-collection-blu-ray,2025-10-14
https://www.sentaifilmworks.com/products/816726022154-getter-robo-arc-complete-collection-blu-ray,2022-06-21
https://www.sentaifilmworks.com/products/816726022161-tsurune-the-linking-shot-season-2-complete-collection-blu-ray,2023-11-28
https://www.sentaifilmworks.com/products/816726022178-is-it-wrong-to-try-to-pick-up-girls-in-a-dungeon-season-1-steelbook-blu-ray,2025-10-07
https://www.sentaifilmworks.com/products/816726022253-somali-and-the-forest-spirit-complete-collection-blu-ray,2022-05-24
https://www.sentaifilmworks.com/products/816726022260-giant-beasts-of-ars-complete-collection-blu-ray,2024-01-30
https://www.sentaifilmworks.com/products/816726022277-momokyun-sword-complete-collection-blu-ray,2025-07-22
https://www.sentaifilmworks.com/products/816726022352-short-peace-theatrical-blu-ray,2022-08-09
https://www.sentaifilmworks.com/products/816726022369-management-of-a-novice-alchemist-complete-collection-blu-ray,2023-11-28
https://www.sentaifilmworks.com/products/816726022376-queens-blade-rebellion-complete-collection-blu-ray,2025-08-19
https://www.sentaifilmworks.com/products/816726022451-food-wars-the-fifth-plate-complete-collection-blu-ray,2022-04-12
https://www.sentaifilmworks.com/products/816726022468-high-school-of-the-dead-complete-collection-blu-ray,2023-07-25
https://www.sentaifilmworks.com/products/816726022475-mm-complete-collection-blu-ray,2025-10-28
https://www.sentaifilmworks.com/products/816726022550-gugure-kokkuri-san-complete-collection-blu-ray,2022-08-30
https://www.sentaifilmworks.com/products/816726022567-carole-tuesday-premium-box-set-blu-ray,2023-12-19
https://www.sentaifilmworks.com/products/816726022574-dusk-maiden-of-amnesia-complete-collection-blu-ray,2025-11-04
https://www.sentaifilmworks.com/products/816726022659-gunbuster-the-movie-theatrical-blu-ray,2022-09-13
https://www.sentaifilmworks.com/products/816726022666-girls-und-panzer-tv-series-plus-ova-collection-blu-ray,2023-09-19
https://www.sentaifilmworks.com/products/816726022673-infinite-stratos-season-1-collection-blu-ray,2025-11-25
https://www.sentaifilmworks.com/products/816726022758-magical-warfare-complete-collection-blu-ray,2022-09-06
https://www.sentaifilmworks.com/products/816726022765-mirage-queen-prefers-circus-theatrical-blu-ray,2023-08-15
https://www.sentaifilmworks.com/products/816726022772-oshi-no-ko-season-1-premium-box-set-blu-ray,2026-01-27
https://www.sentaifilmworks.com/products/816726022857-aoharu-x-machinegun-complete-collection-blu-ray,2022-10-18
https://www.sentaifilmworks.com/products/816726022871-i-parry-everything-premium-box-set-blu-ray,2025-11-11
https://www.sentaifilmworks.com/products/816726022956-humanity-has-declined-complete-collection-blu-ray,2022-10-11
https://www.sentaifilmworks.com/products/816726022963-endo-and-kobayashi-live-the-latest-on-tsundere-villainess-lieselotte-complete-collection-blu-ray,2023-12-12
https://www.sentaifilmworks.com/products/816726022970-theatre-of-darkness-seasons-1-2-collection-blu-ray,2025-06-24
https://www.sentaifilmworks.com/products/816726023076-oshi-no-ko-season-2-collection-blu-ray,2026-01-06
https://www.sentaifilmworks.com/products/816726023151-shikizakura-complete-collection-blu-ray,2022-08-01
https://www.sentaifilmworks.com/products/816726023168-is-it-wrong-to-try-to-pick-up-girls-in-a-dungeon-iv-part-2-blu-ray,2024-01-02
https://www.sentaifilmworks.com/products/816726023175-trinity-seven-complete-collection-blu-ray,2025-12-02
https://www.sentaifilmworks.com/products/816726023250-mother-of-the-goddess-dormitory-complete-collection-blu-ray,2022-07-19
https://www.sentaifilmworks.com/products/816726023267-farming-life-in-another-world-complete-collection-blu-ray,2023-12-19
https://www.sentaifilmworks.com/products/816726023274-the-ambition-of-oda-nobuna-complete-collection-blu-ray,2025-12-16
https://www.sentaifilmworks.com/products/816726023359-sakura-trick-complete-collection-blu-ray,2022-11-15
https://www.sentaifilmworks.com/products/816726023366-tsurune-the-movie-the-first-shot-theatrical-blu-ray,2024-01-09
https://www.sentaifilmworks.com/products/816726023373-kokoro-connect-complete-collection-blu-ray,2025-08-26
https://www.sentaifilmworks.com/products/816726023472-is-it-wrong-to-try-to-pick-up-girls-in-a-dungeon-iv-premium-box-set-blu-ray,2025-12-09
https://www.sentaifilmworks.com/products/816726023557-welcome-to-demon-school-iruma-kun-season-1-complete-collection-blu-ray,2022-08-16
https://www.sentaifilmworks.com/products/816726023564-my-life-as-inukai-sans-dog-complete-collection-blu-ray,2024-02-13
https://www.sentaifilmworks.com/products/816726023571-appleseed-blu-ray,2025-10-21
https://www.sentaifilmworks.com/products/816726023656-kinmoza-the-movie-thank-you-theatrical-blu-ray,2022-11-08
https://www.sentaifilmworks.com/products/816726023663-food-wars-the-fifth-plate-limited-edition-premium-box-set-blu-ray,2024-12-10
https://www.sentaifilmworks.com/products/816726023670-queen-millennia-complete-collection-blu-ray,2025-09-02
https://www.sentaifilmworks.com/products/816726023755-yuki-yuna-is-a-hero-seasons-1-3-complete-collection-blu-ray,2022-09-27
https://www.sentaifilmworks.com/products/816726023762-ya-boy-kongming-premium-box-set-blu-ray,2024-09-17
https://www.sentaifilmworks.com/products/816726023779-ragna-crimson-complete-collection-blu-ray,2025-09-16
https://www.sentaifilmworks.com/products/816726023854-girls-und-panzer-das-finale-part-3-theatrical-blu-ray,2022-09-20
https://www.sentaifilmworks.com/products/816726023861-kubo-wont-let-me-be-invisible-complete-collection-blu-ray,2024-02-20
https://www.sentaifilmworks.com/products/816726023878-gushing-over-magical-girls-season-1-limited-edition-steelbook-blu-ray,2025-12-02
https://www.sentaifilmworks.com/products/816726023953-revue-starlight-the-movie-theatrical-blu-ray,2022-10-25
https://www.sentaifilmworks.com/products/816726023960-panzer-world-galient-complete-series-blu-ray,2024-10-15
https://www.sentaifilmworks.com/products/816726023977-akiba-maid-war-limited-edition-steelbook-blu-ray,2025-11-18
https://www.sentaifilmworks.com/products/816726024059-chaika-the-coffin-princess-complete-series-blu-ray,2022-12-20
https://www.sentaifilmworks.com/products/816726024066-the-dangers-in-my-heart-season-1-complete-collection-blu-ray,2024-04-30
https://www.sentaifilmworks.com/products/816726024073-princess-principal-complete-collection-blu-ray,2025-10-28
https://www.sentaifilmworks.com/products/816726024158-monthly-girls-nozaki-kun-complete-collection-blu-ray,2022-12-06
https://www.sentaifilmworks.com/products/816726024257-kinmoza-seasons-1-and-2-complete-collection-blu-ray,2022-11-08
https://www.sentaifilmworks.com/products/816726024264-oshi-no-ko-season-1-limited-edition-steelbook-blu-ray,2024-07-23
https://www.sentaifilmworks.com/products/816726024271-flower-and-asura-complete-collection-blu-ray,2025-12-16
https://www.sentaifilmworks.com/products/816726024356-fatekaleid-liner-prisma-illya-licht-nameless-girl-theatrical-blu-ray,2022-10-04
https://www.sentaifilmworks.com/products/816726024363-tokyo-mew-mew-new-season-2-complete-collection-blu-ray,2024-05-07
https://www.sentaifilmworks.com/products/816726024370-azumanga-daioh-complete-collection-blu-ray,2025-12-09
https://www.sentaifilmworks.com/products/816726024455-tsukipro-the-animation-2-season-2-complete-collection-blu-ray,2022-10-25
https://www.sentaifilmworks.com/products/816726024462-otaku-elf-complete-collection-blu-ray,2024-04-23
https://www.sentaifilmworks.com/products/816726024479-the-eminence-in-shadow-season-2-premium-box-set-blu-ray,2026-03-03
https://www.sentaifilmworks.com/products/816726024554-peter-grill-and-the-philosophers-time-season-1-complete-collection-blu-ray,2022-10-18
https://www.sentaifilmworks.com/products/816726024561-rozen-maiden-complete-series-blu-ray,2024-04-16
https://www.sentaifilmworks.com/products/816726024578-elfen-lied-complete-collection-blu-ray,2026-01-13
https://www.sentaifilmworks.com/products/816726024653-love-election-and-chocolate-complete-collection-blu-ray,2023-01-03
https://www.sentaifilmworks.com/products/816726024660-the-dreaming-boy-is-a-realist-complete-collection-blu-ray,2024-11-19
https://www.sentaifilmworks.com/products/816726024677-kinos-journey-complete-collection-sd-blu-ray,2026-02-03
https://www.sentaifilmworks.com/products/816726024752-no-game-no-life-complete-collection-blu-ray,2023-01-17
https://www.sentaifilmworks.com/products/816726024769-vermeil-in-gold-limited-edition-steelbook-blu-ray,2024-12-17
https://www.sentaifilmworks.com/products/816726024776-chained-soldier-season-1-limited-edition-steelbook-blu-ray,2026-01-20
https://www.sentaifilmworks.com/products/816726024851-princess-principal-crown-handler-part-2-theatrical-blu-ray,2022-11-22
https://www.sentaifilmworks.com/products/816726024868-dark-gathering-complete-collection-blu-ray,2024-07-30
https://www.sentaifilmworks.com/products/816726024875-oshi-no-ko-season-2-limited-edition-steelbook-blu-ray,2026-01-06
https://www.sentaifilmworks.com/products/816726024943-seitokai-yakuindomo-the-movie-2-theatrical-blu-ray,2022-09-20
https://www.sentaifilmworks.com/products/816726024950-girls-und-panzer-der-film-theatrical-blu-ray,2022-10-11
https://www.sentaifilmworks.com/products/816726024967-level-1-demon-lord-and-one-room-hero-complete-collection-blu-ray,2024-10-29
https://www.sentaifilmworks.com/products/816726024974-beheneko-the-elf-girls-cat-is-secretly-an-s-ranked-monster-limited-edition-steelbook-blu-ray,2026-02-10
https://www.sentaifilmworks.com/products/816726025056-clannad-clannad-after-story-complete-collection-blu-ray,2023-02-21
https://www.sentaifilmworks.com/products/816726025063-helck-season-1-complete-collection-blu-ray,2024-08-20
https://www.sentaifilmworks.com/products/816726025070-beheneko-the-elf-girls-cat-is-secretly-an-s-ranked-monster-complete-collection-blu-ray,2026-02-10
https://www.sentaifilmworks.com/products/816726025155-fate-kaleid-liner-prisma-illya-2wei-seasons-2-and-3-complete-collection-blu-ray,2022-11-01
https://www.sentaifilmworks.com/products/816726025162-the-demon-sword-master-of-excalibur-academy-season-1-complete-collection-blu-ray,2024-08-13
https://www.sentaifilmworks.com/products/816726025179-25-dimensional-seduction-season-1-limited-edition-steelbook-blu-ray,2026-02-24
https://www.sentaifilmworks.com/products/816726025254-kinmoza-pretty-days-theatrical-blu-ray,2022-11-08
https://www.sentaifilmworks.com/products/816726025261-the-eminence-of-shadow-season-2-complete-collection-blu-ray,2024-09-24
https://www.sentaifilmworks.com/products/816726025278-from-bureaucrat-to-villainess-dads-been-reincarnated-complete-collection-blu-ray,2026-05-26
https://www.sentaifilmworks.com/products/816726025360-spy-classroom-seasons-1-and-2-complete-collection-blu-ray,2024-09-10
https://www.sentaifilmworks.com/products/816726025377-im-living-with-an-otaku-neet-kunoichi-complete-collection-blu-ray,2026-03-10
https://www.sentaifilmworks.com/products/816726025469-ragna-crimson-limited-edition-steelbook-blu-ray,2025-03-11
https://www.sentaifilmworks.com/products/816726025476-sorairo-utility-complete-collection-blu-ray,2026-02-17
https://www.sentaifilmworks.com/products/816726025551-waiting-in-the-summer-complete-collection-blu-ray,2023-01-10
https://www.sentaifilmworks.com/products/816726025568-the-vexations-of-a-shut-in-vampire-princess-complete-collection-blu-ray,2024-11-05
https://www.sentaifilmworks.com/products/816726025575-yandere-dark-elf-she-chased-me-all-the-way-from-another-world-complete-collection-blu-ray,2026-04-28
https://www.sentaifilmworks.com/products/816726025636-undefeated-bahamut-chronicle-season-1-complete-collection-blu-ray,2020-08-04
https://www.sentaifilmworks.com/products/816726025650-toka-gettan-the-moonlight-lady-returns-complete-collection-blu-ray,2022-12-13
https://www.sentaifilmworks.com/products/816726025667-the-dangers-in-my-heart-season-2-complete-collection-blu-ray,2025-01-28
https://www.sentaifilmworks.com/products/816726025674-rock-is-a-ladys-modesty-complete-collection-blu-ray,2026-06-16
https://www.sentaifilmworks.com/products/816726025759-beyond-the-boundary-complete-series-blu-ray,2022-12-06
https://www.sentaifilmworks.com/products/816726025766-my-instant-death-ability-is-overpowered-complete-collection-blu-ray,2025-03-18
https://www.sentaifilmworks.com/products/816726025858-just-because-complete-collection-blu-ray,2022-12-13
https://www.sentaifilmworks.com/products/816726025865-i-parry-everything-complete-collection-blu-ray,2025-11-11
https://www.sentaifilmworks.com/products/816726025964-the-world-god-only-knows-ultimate-collection-blu-ray,2025-07-15
https://www.sentaifilmworks.com/products/816726025971-bad-girl-complete-collection-blu-ray,2026-07-21
https://www.sentaifilmworks.com/products/816726026053-teasing-master-takagi-san-3-complete-collection-blu-ray,2022-12-20
https://www.sentaifilmworks.com/products/816726026060-bastard-heavy-metal-dark-fantasy-blu-ray,2025-01-21
https://www.sentaifilmworks.com/products/816726026152-carole-tuesday-complete-collection-blu-ray,2022-12-20
https://www.sentaifilmworks.com/products/816726026169-the-executioner-and-her-way-of-life-season-1-premium-box-set-blu-ray,2024-10-29
https://www.sentaifilmworks.com/products/816726026251-lupin-the-3rd-part-6-complete-collection-blu-ray,2023-01-24
https://www.sentaifilmworks.com/products/816726026268-made-in-abyss-the-golden-city-of-the-scorching-sun-premium-box-set-blu-ray,2025-08-05
https://www.sentaifilmworks.com/products/816726026275-my-gift-lvl-9999-unlimited-gacha-complete-collection-blu-ray,2026-09-08
https://www.sentaifilmworks.com/products/816726026350-love-and-lies-complete-collection-blu-ray,2023-03-07
https://www.sentaifilmworks.com/products/816726026367-keep-your-hands-off-eizouken-premium-box-set-blu-ray,2025-09-09
https://www.sentaifilmworks.com/products/816726026374-loner-life-in-another-world-limited-edition-steelbook-blu-ray,2026-03-24
https://www.sentaifilmworks.com/products/816726026459-watamote-no-matter-how-i-look-at-it-its-you-guys-fault-im-not-popular-complete-collection-blu-ray,2023-03-14
https://www.sentaifilmworks.com/products/816726026466-princess-principal-crown-handler-part-3-blu-ray,2025-04-08
https://www.sentaifilmworks.com/products/816726026473-farming-life-in-another-world-limited-edition-steelbook-blu-ray,2026-04-07
https://www.sentaifilmworks.com/products/816726026565-girls-und-panzer-das-finale-part-4-blu-ray,2026-01-20
https://www.sentaifilmworks.com/products/816726026572-is-it-wrong-to-try-to-pick-girls-in-a-dungeon-v-premium-box-set-blu-ray,2026-08-25
https://www.sentaifilmworks.com/products/816726026664-feast-of-amrita-theatrical-blu-ray,2024-08-27
https://www.sentaifilmworks.com/products/816726026763-tears-to-tiara-complete-collection-blu-ray,2024-02-06
https://www.sentaifilmworks.com/products/816726026954-teasing-master-takagi-san-the-movie-theatrical-blu-ray,2023-02-28
https://www.sentaifilmworks.com/products/816726026961-black-bullet-complete-collection-blu-ray,2024-04-02
https://www.sentaifilmworks.com/products/816726026978-yandere-dark-elf-she-chased-me-all-the-way-from-another-world-steelbook-blu-ray,2026-06-16
https://www.sentaifilmworks.com/products/816726027067-qwaser-of-stigmata-complete-series-blu-ray,2024-05-28
https://www.sentaifilmworks.com/products/816726027074-heavy-metal-l-gaim-complete-series-collection-blu-ray,2026-06-16
https://www.sentaifilmworks.com/products/816726027159-im-quitting-heroing-complete-collection-blu-ray,2023-01-24
https://www.sentaifilmworks.com/products/816726027168-peter-grill-and-the-philosophers-time-super-extra-season-2-complete-collection-blu-ray,2024-04-09
https://www.sentaifilmworks.com/products/816726027173-food-wars-season-3-the-third-plate-complete-collection-blu-ray,2026-03-17
https://www.sentaifilmworks.com/products/816726027241-my-next-life-as-a-villainess-all-routes-lead-to-doom-season-1-complete-collection-blu-ray,2022-01-04
https://www.sentaifilmworks.com/products/816726027258-girls-beyond-the-wasteland-complete-collection-blu-ray,2023-02-07
https://www.sentaifilmworks.com/products/816726027265-my-love-story-complete-collection-blu-ray,2024-06-11
https://www.sentaifilmworks.com/products/816726027272-himouto-umaru-chan-season-1-collection-blu-ray,2026-03-24
https://www.sentaifilmworks.com/products/816726027357-fate-stay-night-complete-collection-blu-ray,2023-05-02
https://www.sentaifilmworks.com/products/816726027364-monster-musume-complete-collection-blu-ray,2024-09-24
https://www.sentaifilmworks.com/products/816726027371-ushio-and-tora-complete-series-blu-ray,2026-04-14
https://www.sentaifilmworks.com/products/816726027456-wolf-girl-black-prince-complete-collection-blu-ray,2023-05-16
https://www.sentaifilmworks.com/products/816726027463-vampire-hunter-d-blu-ray,2025-08-12
https://www.sentaifilmworks.com/products/816726027470-tada-never-falls-in-love-complete-collection-blu-ray,2026-04-21
https://www.sentaifilmworks.com/products/816726027548-taisho-baseball-girls-season-1-complete-collection-blu-ray,2022-01-18
https://www.sentaifilmworks.com/products/816726027579-bloom-into-you-complete-collection-blu-ray,2026-05-05
https://www.sentaifilmworks.com/products/816726027654-revisions-complete-collection-blu-ray,2023-02-28
https://www.sentaifilmworks.com/products/816726027661-is-the-order-a-rabbit-season-1-complete-collection-blu-ray,2024-06-04
https://www.sentaifilmworks.com/products/816726027678-maoyu-archenemy-and-hero-complete-collection-blu-ray,2026-05-19
https://www.sentaifilmworks.com/products/816726027753-busou-shinki-complete-collection-blu-ray,2023-06-13
https://www.sentaifilmworks.com/products/816726027760-is-the-order-a-rabbit-season-2-complete-collection-blu-ray,2024-07-02
https://www.sentaifilmworks.com/products/816726027777-nana-complete-collection-blu-ray,2026-06-02
https://www.sentaifilmworks.com/products/816726027869-is-the-order-a-rabbit-bloom-season-3-complete-collection-blu-ray,2024-08-06
https://www.sentaifilmworks.com/products/816726027876-chivalry-of-a-failed-knight-complete-collection-blu-ray,2026-06-23
https://www.sentaifilmworks.com/products/816726027951-kill-me-baby-complete-collection-blu-ray,2023-03-21
https://www.sentaifilmworks.com/products/816726027968-food-wars-the-second-plate-complete-collection-blu-ray,2024-05-21
https://www.sentaifilmworks.com/products/816726027975-food-wars-season-2-the-second-plate-limited-edition-steelbook-blu-ray,2026-07-07
https://www.sentaifilmworks.com/products/816726028040-ane-log-complete-collection-blu-ray,2022-01-11
https://www.sentaifilmworks.com/products/816726028057-saiyuki-reload-zeroin-complete-collection-blu-ray,2023-03-21
https://www.sentaifilmworks.com/products/816726028064-school-live-complete-collection-blu-ray,2024-07-09
https://www.sentaifilmworks.com/products/816726028071-the-dangers-in-my-heart-season-2-steelbook-blu-ray,2026-09-22
https://www.sentaifilmworks.com/products/816726028149-mushibugyo-ova-collection-blu-ray,2022-02-08
https://www.sentaifilmworks.com/products/816726028156-ya-boy-kongming-complete-collection-blu-ray,2023-04-18
https://www.sentaifilmworks.com/products/816726028163-oshi-no-ko-season-1-collection-blu-ray,2024-06-25
https://www.sentaifilmworks.com/products/816726028170-kakegurui-seasons-1-and-2-collection-blu-ray,2026-07-14
https://www.sentaifilmworks.com/products/816726028255-the-demon-girl-next-door-season-2-complete-collection-blu-ray,2023-05-09
https://www.sentaifilmworks.com/products/816726028262-fatestay-night-unlimited-blade-works-blu-ray,2024-07-16
https://www.sentaifilmworks.com/products/816726028354-onipan-complete-collection-blu-ray,2023-05-16
https://www.sentaifilmworks.com/products/816726028361-ya-boy-kongming-the-road-to-summer-sonia-blu-ray,2024-12-10
https://www.sentaifilmworks.com/products/816726028378-girls-last-tour-complete-collection-blu-ray,2026-07-28
https://www.sentaifilmworks.com/products/816726028453-triage-x-complete-collection-blu-ray,2023-06-06
https://www.sentaifilmworks.com/products/816726028460-the-most-heretical-last-boss-queen-from-villainess-to-savior-complete-collection-blu-ray,2024-10-22
https://www.sentaifilmworks.com/products/816726028545-princess-principal-crown-handler-part-1-theatrical-blu-ray,2022-03-15
https://www.sentaifilmworks.com/products/816726028552-made-in-abyss-the-golden-city-of-the-scorching-sun-complete-collection-blu-ray,2023-06-13
https://www.sentaifilmworks.com/products/816726028569-parasyte-the-maxim-limited-edition-steelbook-blu-ray,2024-11-26
https://www.sentaifilmworks.com/products/816726028576-akame-ga-kill-complete-collection-blu-ray,
https://www.sentaifilmworks.com/products/816726028644-yuyushiki-complete-collection-blu-ray,2022-02-01
https://www.sentaifilmworks.com/products/816726028651-the-executioner-and-her-way-of-life-complete-collection-blu-ray,2023-07-04
https://www.sentaifilmworks.com/products/816726028668-reincarnated-as-a-sword-limited-edition-steelbook-blu-ray,2024-11-19
https://www.sentaifilmworks.com/products/816726028675-made-in-abyss-season-1-collection-blu-ray,2026-08-11
https://www.sentaifilmworks.com/products/816726028750-waccha-primagi-complete-collection-blu-ray,2023-06-20
https://www.sentaifilmworks.com/products/816726028767-my-isekai-life-limited-edition-steelbook-blu-ray,2025-02-18
https://www.sentaifilmworks.com/products/816726028774-girls-und-panzer-this-is-the-real-anzio-battle-blu-ray,2026-08-18
https://www.sentaifilmworks.com/products/816726028859-call-of-the-night-season-1-collection-blu-ray,2023-09-05
https://www.sentaifilmworks.com/products/816726028866-gushing-over-magical-girls-complete-collection-blu-ray,2024-12-03
https://www.sentaifilmworks.com/products/816726028873-is-it-wrong-to-try-to-pick-up-girls-in-a-dungeon-arrow-of-the-orion-blu-ray,2026-09-01
https://www.sentaifilmworks.com/products/816726028958-recycle-of-the-penguindrum-movie-collection,2023-07-04
https://www.sentaifilmworks.com/products/816726028965-outbreak-company-complete-collection-blu-ray,2024-10-01
https://www.sentaifilmworks.com/products/816726028972-shirobako-complete-collection-blu-ray,2026-09-15
https://www.sentaifilmworks.com/products/816726029047-hidamari-sketch-graduation-ova-collection-blu-ray,2022-02-08
https://www.sentaifilmworks.com/products/816726029054-the-tunnel-to-summer-the-exit-of-goodbyes-theatrical-blu-ray,2024-01-09
https://www.sentaifilmworks.com/products/816726029061-un-go-complete-collection-blu-ray,2024-09-03
https://www.sentaifilmworks.com/products/816726029078-revue-starlight-curtain-call-collection-blu-ray,2026-09-29
https://www.sentaifilmworks.com/products/816726029146-love-stage-season-1-complete-collection-blu-ray,2022-01-25
https://www.sentaifilmworks.com/products/816726029153-medaka-box-seasons-1-2-complete-collection-blu-ray,2023-07-18
https://www.sentaifilmworks.com/products/816726029160-amagi-brilliant-park-complete-collection-blu-ray,2024-12-17
https://www.sentaifilmworks.com/products/816726029245-my-mental-choices-are-completely-interfering-with-my-school-romantic-comedy-season-1-complete-collection-blu-ray,2022-04-05
https://www.sentaifilmworks.com/products/816726029252-keep-your-hands-off-eizouken-complete-collection-blu-ray,2023-07-25
https://www.sentaifilmworks.com/products/816726029269-jellyfish-cant-swim-in-the-night-complete-collection-blu-ray,2025-05-13
https://www.sentaifilmworks.com/products/816726029351-phantom-of-the-idol-complete-collection-blu-ray,2023-10-31
https://www.sentaifilmworks.com/products/816726029443-vinland-saga-season-1-limited-edition-blu-ray,2022-07-26
https://www.sentaifilmworks.com/products/816726029450-vermeil-in-gold-complete-collection-blu-ray,2023-08-01
https://www.sentaifilmworks.com/products/816726029467-dungeon-people-season-1-complete-collection-blu-ray,2025-06-10
https://www.sentaifilmworks.com/products/816726029542-dororo-premium-box-set-blu-ray,2022-09-27
https://www.sentaifilmworks.com/products/816726029559-love-chunibyo-other-delusions-ultimate-collection-blu-ray,2023-10-10
https://www.sentaifilmworks.com/products/816726029566-plus-sized-elf-complete-collection-blu-ray,2025-07-29
https://www.sentaifilmworks.com/products/816726029641-i-couldnt-become-a-hero-so-i-reluctantly-decided-to-get-a-job-complete-collection-blu-ray,2022-05-24
https://www.sentaifilmworks.com/products/816726029658-the-familiar-of-zero-complete-series-blu-ray,2023-11-07
https://www.sentaifilmworks.com/products/816726029665-25-dimensional-seduction-season-1-complete-collection-blu-ray,2026-02-24
https://www.sentaifilmworks.com/products/816726029740-onyx-equinox-complete-collection-blu-ray,2022-02-22
https://www.sentaifilmworks.com/products/816726029757-the-life-of-budori-gusuko-theatrical-blu-ray,2023-08-15
https://www.sentaifilmworks.com/products/816726029764-loner-life-in-another-world-complete-collection-blu-ray,2025-10-21
https://www.sentaifilmworks.com/products/816726029849-monster-girl-doctor-complete-collection-blu-ray,2022-03-15
https://www.sentaifilmworks.com/products/816726029856-when-will-ayumu-make-his-move-complete-collection-blu-ray,2023-07-11
https://www.sentaifilmworks.com/products/816726029863-how-i-attended-an-all-guys-mixer-complete-collection-blu-ray,2025-08-26
https://www.sentaifilmworks.com/products/816726029955-tokyo-mew-mew-new-season-1-complete-collection-blu-ray,2023-07-18
https://www.sentaifilmworks.com/products/816726029962-is-it-wrong-to-try-to-pick-girls-in-a-dungeon-v-complete-collection-blu-ray,2026-08-25
https://www.sentaifilmworks.com/products/alice-in-borderland-complete-collection-blu-ray,2021-12-21
https://www.sentaifilmworks.com/products/flowers-of-evil-season-1-complete-collection-blu-ray,2021-12-07
https://www.sentaifilmworks.com/products/happy-go-lucky-days-theatrical-blu-ray,2021-12-14
https://www.sentaifilmworks.com/products/is-it-wrong-to-try-to-pick-up-girls-in-a-dungeon-iii-season-3-complete-collection-blu-ray,2021-12-07
https://www.sentaifilmworks.com/products/problem-children-are-coming-from-another-world-arent-they-season-1-complete-collection-blu-ray,2021-11-16
https://www.sentaifilmworks.com/products/rent-a-girlfriend-season-1-complete-collection-blu-ray,2021-12-14
https://www.sentaifilmworks.com/products/the-hentai-prince-the-stony-cat-season-1-complete-collection-blu-ray,2021-11-02
https://www.sentaifilmworks.com/products/the-severing-crime-edge-season-1-complete-collection-blu-ray,2021-12-21
