adieugalaxyexpress999themovie,Adieu Galaxy Express 999: The Movie,JP,movie,
aftertheraincompletecollection,After the Rain: Complete Collection,JP,,
aimfortheaceanothermatch,Aim for the Ace: Another Match,JP,,
aimfortheacethecompletetvseries,Aim for the Ace: The Complete TV Series,JP,,
aimfortheacethemovie,Aim for the Ace: The Movie,JP,movie,
akibamaidwarcompletecollection,Akiba Maid War: Complete Collection,JP,,
aliennine,Alien Nine,JP,,
allpurposeculturalcatgirlnukunukusd,All-Purpose Cultural Cat Girl Nuku Nuku – SD,JP,,
amagibrilliantparkcompletecollection,Amagi Brilliant Park: Complete Collection,JP,,
andyetthetownmovescompletecollection,And Yet The Town Moves: Complete Collection,JP,,
angelcopcompleteovaseries,Angel Cop: Complete OVA Series,JP,OVA,
angelheart,Angel Heart,JP,,
appleseedtheoriginal1988ova,Appleseed: The Original 1988 OVA,JP,OVA,
astroboythecomplete1980series,Astro Boy: The Complete 1980 Series,JP,,
awindnamedamnesia,A Wind Named Amnesia,JP,,
azumangadaiohcompletecollection,Azumanga Daioh: Complete Collection,JP,,
bakicompletecollection,BAKI: Complete Collection,JP,,
barefootgenanimatedmovies12,Barefoot Gen: Animated Movies 1 & 2,JP,,
belladonnaofsadness4kuhd,Belladonna of Sadness – 4K UHD +,JP,,
berserkthecomplete1997tvseries,Berserk: The Complete 1997 TV Series,JP,,
beyondtheboundarycompleteseriescollection,Beyond the Boundary: Complete Series Collection,JP,,
blackjackthecompleteovaseries,Black Jack: The Complete OVA Series,JP,OVA,
blackrockshooterthecompletetvseries,Black Rock Shooter: The Complete TV Series,JP,,
bladeoftheimmortalcompletecollection,Blade of the Immortal: Complete Collection,JP,,
bludgeoningangeldokurochan,Bludgeoning Angel Dokuro-Chan,JP,,
bluecometsptlayzner,Blue Comet SPT Layzner,JP,,
bluesubmarineno6completecollection,Blue Submarine No. 6: Complete Collection,JP,,
bobobobobobobosd,BoBoBo-Bo Bo-BoBo – SD,JP,,
bubblegumcrash,Bubblegum Crash!,JP,,
bubblegumcrisisperfectcollection,Bubblegum Crisis: Perfect Collection,JP,,
captainharlockarcadiaofmyyouthspecialedition,Captain Harlock: Arcadia of my Youth – Special Edition,JP,,
captainharlockspacepiratecompletecollection,Captain Harlock: Space Pirate – Complete Collection,JP,,
cardcaptorsakurathemovie,Cardcaptor Sakura: The Movie,JP,movie,
cardcaptorsakurathemovie2thesealedcard,Cardcaptor Sakura: The Movie 2 – The Sealed Card,JP,movie,
caroletuesdaycompletecollection,Carole & Tuesday: Complete Collection,JP,,
catseyethecompletefirstseason,Cat's Eye: The Complete First Season,JP,,
catseyethecompletesecondseason,Cat's Eye: The Complete Second Season,JP,,
chiethebrat1sttvseries,Chie the Brat: 1st TV Series,JP,,
chiethebrat2ndtvseriessd,Chie the Brat: 2nd TV Series – SD,JP,,
cityhunter91thecomplete1991series,City Hunter '91: The Complete 1991 Series,JP,,
cityhuntercompletesecondseries,City Hunter: Complete Second Series,JP,,
cityhuntermovietvspecialcollection,City Hunter: Movie & TV Special Collection,JP,,
cityhuntershinjukuprivateeyes,City Hunter: Shinjuku Private Eyes,JP,,
cityhunterthecompletefirstseries,City Hunter: The Complete First Series,JP,,
cromartiehighschool,Cromartie High School,JP,,
crusherjoethecompleteovaseries,Crusher Joe: The Complete OVA Series,JP,OVA,
crusherjoethemovie,Crusher Joe: The Movie,JP,movie,
cryingfreeman,Crying Freeman,JP,,
cutiehoneytheoriginaltvseriessd,Cutie Honey: The Original TV Series – SD,JP,,
cybercityoedo808,Cyber City Oedo 808,JP,,
cybersix,Cybersix,JP,,
cyborg009vsdevilman,Cyborg 009 vs. Devilman,JP,,
daggerofkamui,Dagger of Kamui,JP,,
dancougasuperbeastmachinegod,Dancouga: Super Beast Machine God,JP,,
darkstalkersova,Darkstalkers OVA,JP,OVA,
dearbrother,Dear Brother,JP,,
dearscompletecollection,DearS: Complete Collection,JP,,
demoncityshinjuku,Demon City Shinjuku,JP,,
devilmanlady,Devilman Lady,JP,,
devilmanthecompleteovaseries,Devilman: The Complete OVA Series,JP,OVA,
devilmanthecompletetvseries1972,Devilman: The Complete TV Series (1972),JP,,
digimonadventurethecompletefirstseasonoriginalenglishversion,Digimon Adventure: The Complete First Season Original English Version,JP,,
digimonadventurethecompletefirstseasonoriginaljapaneseversion,Digimon Adventure: The Complete First Season Original Japanese Version,JP,,
digimontamersseason3collectionenglishlanguageversion,Digimon Tamers: Season 3 Collection (English Language Version),JP,,
digimonthecompletesecondseasonenglishlanguageversion,Digimon: The Complete Second Season English Language Version,JP,,
digimonthecompletesecondseasonjapaneselanguageversion,Digimon: The Complete Second Season Japanese Language Version,JP,,
digimonthemovies13collection,Digimon: The Movies 1-3 Collection,JP,,
digimonthemovies46collection,Digimon: The Movies 4-6 Collection,JP,,
doomedmegalopolis,Doomed Megalopolis,JP,,
dororo2019completecollection,Dororo (2019): Complete Collection,JP,,
eiken,Eiken,JP,,
elfenliedcompletecollection,Elfen Lied: Complete Collection,JP,,
fatalfurythemotionpicture,Fatal Fury: The Motion Picture,JP,,
fatalfurytheovacollection,Fatal Fury: The OVA Collection,JP,OVA,
fatestaynightunlimitedbladeworks,Fate/Stay Night: Unlimited Blade Works,JP,,
fistofthenorthstarthelegendofthetruesaviorlegendofkenshiro,Fist of the North Star – The Legend of the True Savior: Legend of Kenshiro,JP,,
fistofthenorthstarthelegendofthetruesaviorlegendofraohchapterofdeathinlovemovie,Fist of the North Star – The Legend of the True Savior Legend of Raoh: Chapter of Death in Love Movie,JP,,
fistofthenorthstarthelegendsofthetruesaviorlegendofraohchapteroffiercefightingmovie,Fist of the North Star – The Legends of the True Savior – Legend of Raoh: Chapter of Fierce Fighting Movie,JP,,
fistofthenorthstarthelegendsofthetruesaviorlegendofyurialegendoftoki,"Fist of the North Star – The Legends of the True Savior: Legend of Yuria, Legend of Toki",JP,,
fistofthenorthstarthetvseriescompleteseriescollectionsd,Fist of the North Star: The TV Series – Complete Series Collection – SD,JP,,
flameofreccacompletecollectionsd,Flame of Recca: Complete Collection – SD,JP,,
flowersofevilcompletecollection,Flowers of Evil: Complete Collection,JP,,
futakoialternativethecompletetvseries,Futakoi Alternative: The Complete TV Series,JP,,
futakoithecompletetvseries,Futakoi: The Complete TV Series,JP,,
galaxyexpress999eternalfantasy,Galaxy Express 999: Eternal Fantasy,JP,,
galaxyexpress999themovie,Galaxy Express 999: The Movie,JP,movie,
galaxyexpress999thetvseriescompletecollection,Galaxy Express 999: The TV Series Complete Collection,JP,,
gardenofwords,Garden Of Words,JP,,
genocybersd,Genocyber – SD,JP,,
genshikenseasononeova,Genshiken: Season One + OVA,JP,OVA,
getterroboarccompletecollection,Getter Robo Arc: Complete Collection,JP,,
getterroboarmageddon,Getter Robo: Armageddon,JP,,
ghoststories,Ghost Stories,JP,,
giantgorg,Giant Gorg,JP,,
giantrobothecompleteseries,Giant Robo: The Complete Series,JP,,
ginreithecompleteovaseries,GinRei: The Complete OVA Series,JP,OVA,
godannarcompletecollection,Godannar: Complete Collection,JP,,
godmazingerthecompletecollectionsd,God Mazinger: The Complete Collection – SD,JP,,
gokumidnighteye,Goku Midnight Eye,JP,,
goldenboy,Golden Boy,JP,,
golgo13theprofessional,Golgo 13: The Professional,JP,,
gonagaiworld,Go Nagai World,JP,,
greatmazingerthecompleteseriessd,Great Mazinger: The Complete Series – SD,JP,,
grenadierthebeautifulwarriorcompletecollection,Grenadier: The Beautiful Warrior – Complete Collection,JP,,
gunbusterthemovie,Gunbuster: The Movie,JP,movie,
hajimenoippothecompletecollection,Hajime no Ippo: The Complete Collection,JP,,
hanayoridangothecompleteanimatedtvseriessd,Hana Yori Dango: The Complete Animated TV Series – SD,JP,,
handmaidmay,Hand Maid May,JP,,
hanschristianandersensthelittlemermaid,Hans Christian Andersen's The Little Mermaid,JP,,
hells,Hells,JP,,
hidamarisketchgraduationovacollection,Hidamari Sketch: Graduation OVA Collection,JP,OVA,
hidamarisketchpictureperfectcollection,Hidamari Sketch: Picture Perfect Collection,JP,,
higurashiwhentheycrykai,Higurashi: When They Cry Kai,JP,,
higurashiwhentheycryrei,Higurashi: When They Cry Rei,JP,,
higurashiwhentheycryseason1,Higurashi: When They Cry – Season 1,JP,,
hotorisimplywishingforhope,Hotori: Simply Wishing For Hope,JP,,
iriazeiramtheanimation,Iria: Zeiram The Animation,JP,,
jinrohthewolfbrigade,Jin-Roh: The Wolf Brigade,JP,,
jungledeikou,Jungle De Ikou!,JP,,
kaijitheultimatesurvivorseason1collection,Kaiji: The Ultimate Survivor – Season 1 Collection,JP,,
kanokonthegirlwhocriedfox,Kanokon: The Girl Who Cried Fox,JP,,
keepyourhandsoffeizoukencompletecollection,Keep Your Hands Off Eizouken!: Complete Collection,JP,,
kekkaishithecompleteseries,Kekkaishi: The Complete Series,JP,,
kenichithemightiestdiscipleseason1,Kenichi: The Mightiest Disciple Season 1,JP,,
kenichithemightiestdiscipleseason2,Kenichi: The Mightiest Disciple Season 2,JP,,
kenichithemightiestdiscipletheattackofdarknessovaseries,Kenichi: The Mightiest Disciple – The Attack of Darkness OVA Series,JP,OVA,
kidsontheslopecompletecollection,Kids on the Slope: Complete Collection,JP,,
killmebabycompletecollection,Kill Me Baby: Complete Collection,JP,,
kimagureorangeroadthecompleteovaseriesmovie,Kimagure Orange Road: The Complete OVA Series & Movie,JP,OVA,
kimagureorangeroadtvseriescollection,Kimagure Orange Road: TV Series Collection,JP,,
kinosjourneycompletecollectionsd,Kino's Journey: Complete Collection – SD,JP,,
kissxsisthecompleteoadseries,Kiss x Sis: The Complete OAD Series,JP,,
kissxsisthecompletetvseries,Kiss x Sis: The Complete TV Series,JP,,
kiteliberatorspecialedition,Kite Liberator – Special Edition,JP,,
kodochathecompletefirstseriessd,Kodocha: The Complete First Series – SD,JP,,
kodochathecompletesecondseriessd,Kodocha: The Complete Second Series – SD,JP,,
konultimatecollection,K-ON!: Ultimate Collection,JP,,
ladyoscartheroseofversaillescompletecollection,Lady Oscar: The Rose of Versailles – Complete Collection,JP,,
littlenemoadventuresinslumberland,Little Nemo: Adventures in Slumberland,JP,,
lookingforthefullmoonvol1,Looking for the Full Moon Vol. 1,JP,,
lookingforthefullmoonvol2,Looking for the Full Moon Vol. 2,JP,,
lovechunibyootherdelusionsultimatecollection,"Love, Chunibyo & Other Delusions!: Ultimate Collection",JP,,
lovelycomplex,Lovely Complex,JP,,
lupinthe3rdgoodbyepartner,Lupin the 3rd: Goodbye Partner,JP,,
lupinthe3rdpart1theclassicadventures,Lupin the 3rd Part 1: The Classic Adventures,JP,,
lupinthe3rdpart6,Lupin The 3rd: Part 6,JP,,
lupinthe3rdpartiiithepinkjacketadventures,Lupin the 3rd Part III: The Pink Jacket Adventures,JP,,
lupinthe3rdpartivenglishdub,Lupin the 3rd: Part IV (English Dub),JP,,
lupinthe3rdpartivtheitalianadventureenglishlanguage,Lupin the 3rd Part IV: The Italian Adventure (English Language),JP,,
lupinthe3rdpartivtheitalianadventurejapaneselanguage,Lupin the 3rd Part IV: The Italian Adventure (Japanese Language),JP,,
lupinthe3rdthecastleofcagliostro,Lupin The 3rd: The Castle of Cagliostro,JP,,
lupinthe3rdtvspecialscollection1,Lupin the 3rd: TV Specials Collection 1,JP,,
lupinthe3rdtvspecialscollection2,Lupin the 3rd: TV Specials Collection 2,JP,,
lupinthe3rdvscatseye,Lupin the 3rd vs. Cat's Eye,JP,,
lupinthethirdfujikoslie,Lupin the Third: Fujiko's Lie,JP,,
lupinthethirdgoemonsbloodspray,Lupin the Third: Goemon's Blood Spray,JP,,
lupinthethirdjigensgravestone,Lupin the Third: Jigen's Gravestone,JP,,
lupinthethirdmysteryofmamo,Lupin the Third: Mystery of Mamo,JP,,
lupinthethirdpartiiset1,Lupin the Third: Part II – Set 1,JP,,
lupinthethirdpartiiset2,Lupin the Third: Part II – Set 2,JP,,
lupinthethirdpartiiset3,Lupin the Third: Part II – Set 3,JP,,
lupinthethirdpartiiset4,Lupin the Third: Part II – Set 4,JP,,
lupinthethirdreturnofpycal,Lupin the Third: Return of Pycal,JP,,
lupinthethirdthewomancalledfujikomine,Lupin The Third: The Woman Called Fujiko Mine,JP,,
lupinzerocompletecollection,Lupin Zero: Complete Collection,JP,,
madeinabyssseason1collection,MADE IN ABYSS: (Season 1) Collection,JP,,
magicalgirllyricalnanohastrikers,Magical Girl Lyrical Nanoha StrikerS,JP,,
magicalwitchpuniechan,Magical Witch Punie-Chan,JP,,
magicknightrayearthmemorialcollection,Magic Knight Rayearth: Memorial Collection,JP,,
mamoruoshiisdalloscompleteovaseries,Mamoru Oshii's Dallos: Complete OVA Series,JP,OVA,
marmaladeboycompletetvseriescollectionsd,Marmalade Boy: Complete TV Series Collection – SD,JP,,
marmaladeboyset1,Marmalade Boy Set 1,JP,,
masterofmartialhearts,Master of Martial Hearts,JP,,
mazingerztvseriesvol1,Mazinger Z: TV Series Vol. 1,JP,,
mazingerztvseriesvol2,Mazinger Z: TV Series Vol. 2,JP,,
mazinkaiserskl,Mazinkaiser SKL,JP,,
medabotsspiritthecompletesecondseriesjapaneselanguagesd,Medabots: Spirit – The Complete Second Series (Japanese Language) – SD,JP,,
medabotsthecompletefirstseriesjapaneselanguagesd,Medabots: The Complete First Series (Japanese Language) – SD,JP,,
medabotsthecompleteseason1englishdubbedsd,Medabots: The Complete Season 1 English Dubbed – SD,JP,,
medabotsthecompleteseason3englishdubbedsd,Medabots: The Complete Season 3 English Dubbed – SD,JP,,
megazone23thecompletetrilogy,Megazone 23: The Complete Trilogy,JP,,
memories,Memories,JP,,
metalskinpanicmadox01,Metal Skin Panic MADOX-01,JP,,
mononoke,Mononoke,JP,,
monsterrancherthecompleteenglishlanguagetvseriessd,Monster Rancher: The Complete English Language TV Series – SD,JP,,
monstertvseriescollection1,Monster: TV Series Collection 1,JP,,
monthlygirlsnozakikuncompletecollection,Monthly Girls' Nozaki-kun: Complete Collection,JP,,
moribitoguardianofthespiritcompletecollection,Moribito: Guardian of the Spirit – Complete Collection,JP,,
mylovestorycompletecollection,My Love Story!!: Complete Collection,JP,,
nasusummerinandalusia,Nasu: Summer in Andalusia,JP,,
newcuteyhoney,New Cutey Honey,JP,,
newgetterrobo,New Getter Robo,JP,,
nightonthegalacticrailroad,Night on the Galactic Railroad,JP,,
ninjascroll,Ninja Scroll,JP,,
nobodysboyremi,Nobody's Boy Remi,JP,,
osamutezukasathousandandonenights,Osamu Tezuka's A Thousand and One Nights,JP,,
osamutezukascleopatra,Osamu Tezuka's Cleopatra,JP,,
osamutezukasphoenixperfectcollection,Osamu Tezuka's Phoenix: Perfect Collection,JP,,
oshinokoseason1collection,OSHI NO KO (Season 1) Collection,JP,,
osomatsukunsd,Osomatsu-kun – SD,JP,,
otakunovideo,Otaku no Video,JP,,
overmankinggainerthecompleteseries,Overman King Gainer: The Complete Series,JP,,
panzerworldgalientthecompleteseries,Panzer World Galient: The Complete Series,JP,,
patlabortheoriginalovaseries,Patlabor: The Original OVA Series,JP,OVA,
photontheidiotadventures,Photon: The Idiot Adventures,JP,,
primeroseatimeslipof10000years,"Prime Rose: A Time Slip of 10,000 Years",JP,,
princesstutucompletecollection,Princess Tutu: Complete Collection,JP,,
professorlaytonandtheeternaldiva,Professor Layton and the Eternal Diva,JP,,
projectakoperfectcollection,Project A-ko: Perfect Collection,JP,,
projectarmssd,Project ARMS – SD,JP,,
puppetprincess,Puppet Princess,JP,,
queenmillenniacompletecollection,Queen Millennia: Complete Collection,JP,,
rainbow,Rainbow,JP,,
ramenfightermikifullcourse,Ramen Fighter Miki: Full Course,JP,,
rebornvolume1sd,Reborn! Volume 1 – SD,JP,,
recutiehoney,Re:Cutie Honey,JP,,
recycleofthepenguindrummoviecollection,RE:cycle of the PENGUINDRUM: Movie Collection,JP,,
revuestarlightcompletecollection,Revue Starlight: Complete Collection,JP,,
revuestarlightthemovie,Revue Starlight: The Movie,JP,movie,
ridingbean,Riding Bean,JP,,
robotcarnival,Robot Carnival,JP,,
romeosblueskiesthecompleteseries,Romeo's Blue Skies: The Complete Series,JP,,
saintseiyaknightsofthezodiacclassicmoviecollection,Saint Seiya: Knights of the Zodiac – Classic Movie Collection,JP,,
samuraitroopersroninwarriorsthecompletecollection,Samurai Troopers – Ronin Warriors: The Complete Collection,JP,,
sasukethecompletetelevisionseries,SASUKE: The Complete Television Series,JP,,
scryedthecompletetvseries,s-CRY-ed: The Complete TV Series,JP,,
sgtfrogseason1sd,Sgt. Frog Season 1 – SD,JP,,
sgtfrogseason2sd,Sgt. Frog Season 2 – SD,JP,,
sgtfrogseasons34sd,Sgt. Frog Seasons 3 & 4 – SD,JP,,
sgtfrogseasons57sd,Sgt. Frog Seasons 5-7 – SD,JP,,
sgtfrogtheoriginalmovies15collection,Sgt. Frog: The Original Movies 1-5 Collection,JP,,
shamankingoriginalseriesenglishdubsd,Shaman King: Original Series (English Dub) – SD,JP,,
shamankingoriginalseriesjapaneselanguage,Shaman King: Original Series (Japanese Language),JP,,
sherlockhoundcompleteunabridged,Sherlock Hound: Complete & Unabridged,JP,,
shinaimfortheace,Shin Aim for the Ace,JP,,
shinchanthecompleteenglishseriessd,Shin-Chan: The Complete English Series – SD,JP,,
shirobakocompletecollection,Shirobako: Complete Collection,JP,,
shortpeace,Short Peace,JP,,
sketchbookfullcolors,Sketchbook ~full color's~,JP,,
sonicxthecompleteseriesenglishlanguagecollectionsd,Sonic X: The Complete Series – English Language Collection – SD,JP,,
sonicxthecompleteseriesjapaneselanguagecollectionsd,Sonic X: The Complete Series – Japanese Language Collection – SD,JP,,
sorcererhunterssd,Sorcerer Hunters – SD,JP,,
spaceadventurecobrathecompleteoriginaltvseries,Space Adventure Cobra: The Complete Original TV Series,JP,,
spaceadventurecobrathemovie,Space Adventure Cobra: The Movie,JP,movie,
spaceadventurecobrathemovieyelloedition,Space Adventure Cobra: The Movie – Yello Edition,JP,movie,
starmusketeerbismark,Star Musketeer Bismark,JP,,
staroceanexthecompleteseries,Star Ocean EX: The Complete Series,JP,,
streetfighteriitheanimatedmovie,Street Fighter II: The Animated Movie,JP,,
superdimensioncenturyorguss,Super Dimension Century Orguss,JP,,
symphogearaxzthecompletefourthseason,Symphogear AXZ: The Complete Fourth Season,JP,,
symphogeargthecompletesecondseason,Symphogear G: The Complete Second Season,JP,,
symphogeargxthecompletethirdseason,Symphogear GX: The Complete Third Season,JP,,
symphogearthecompletefirstseason,Symphogear: The Complete First Season,JP,,
symphogearxvthecompletefifthseason,Symphogear XV: The Complete Fifth Season,JP,,
tenjhotengecompletecollection,Tenjho Tenge: Complete Collection,JP,,
tetsujin28thecomplete2004tvseriessd,Tetsujin 28: The Complete 2004 TV Series – SD,JP,,
theamazingnursenanako,The Amazing Nurse Nanako,JP,,
thekingofbravesgaogaigarfinal,The King of Braves: GaoGaiGar Final,JP,,
thekingofbravesgaogaigarthecompletetvseries,The King of Braves: GaoGaiGar – The Complete TV Series,JP,,
thelifeofbudorigusuko,The Life of Budori Gusuko,JP,,
theworldgodonlyknowsultimatecollection,The World God Only Knows: Ultimate Collection,JP,,
timeofevecompletecollection,Time of Eve: Complete Collection,JP,,
timeofevethemoviekickstarterregularedition,Time of Eve: The Movie (Kickstarter Regular Edition),JP,movie,
tonagura,Tona-gura!,JP,,
tweenywitchescompletecollection,Tweeny Witches: Complete Collection,JP,,
twelvekingdomsthecompleteseries,Twelve Kingdoms: The Complete Series,JP,,
ultimatemusclethekinnikumanlegacysd,Ultimate Muscle: The Kinnikuman Legacy – SD,JP,,
unicodoublefeature,Unico: Double Feature,JP,,
urotsukidojilegendoftheoverfiend,Urotsukidoji: Legend of the Overfiend,JP,,
urotsukidojisequelsoftheoverfiendsd,Urotsukidoji: Sequels of the Overfiend – SD,JP,,
uruseiyatsuraalwaysmydarling,Urusei Yatsura: Always My Darling,JP,,
uruseiyatsuralumtheforever,Urusei Yatsura: Lum The Forever,JP,,
uruseiyatsuraonlyyou,Urusei Yatsura: Only You,JP,,
uruseiyatsuraovaseriescollection,Urusei Yatsura: OVA Series Collection,JP,OVA,
uruseiyatsuraremembermylove,Urusei Yatsura: Remember My Love,JP,,
uruseiyatsuraseason1and2collection2022,Urusei Yatsura: Season 1 And 2 Collection (2022),JP,,
uruseiyatsuraseason34collection2022,Urusei Yatsura: Season 3 & 4 Collection (2022),JP,,
uruseiyatsurathefinalchapter,Urusei Yatsura: The Final Chapter,JP,,
uruseiyatsuratvseriescollection1,Urusei Yatsura: TV Series Collection 1,JP,,
uruseiyatsuratvseriescollection2,Urusei Yatsura: TV Series Collection 2,JP,,
uruseiyatsuratvseriescollection3,Urusei Yatsura: TV Series Collection 3,JP,,
uruseiyatsuratvseriescollection4,Urusei Yatsura: TV Series Collection 4,JP,,
vampirehunterd,Vampire Hunter D,JP,,
vampireprincessmiyuovablurayexclusive,Vampire Princess Miyu OVA – Blu-ray – EXCLUSIVE!,JP,OVA,
vinlandsagaseason1completecollection,Vinland Saga (Season 1): Complete Collection,JP,,
violencejackcompleteovacollection,Violence Jack: Complete OVA Collection,JP,OVA,
virtuafightertheanimatedseries,Virtua Fighter: The Animated Series,JP,,
vividstrike,Vivid Strike!,JP,,
voltesv,Voltes V,JP,,
wickedcity,Wicked City,JP,,
yamibodarknessthehatandtravelersofthebooks,"YAMIBO: Darkness, the Hat, and Travelers of the Books",JP,,
youngblackjackcompletecollection,Young Black Jack: Complete Collection,JP,,
yuyushikicompletecollection,Yuyushiki: Complete Collection,JP,,
zegapainthecompletetvseriesandmoviescollection,Zegapain: The Complete TV Series and Movies Collection,JP,,
zoneoftheendersperfectcollection,Zone of the Enders: Perfect Collection,JP,,
